trueCat;contrast;orientation;responseCat;confRating;RT;congruentResponse
narrow;0.03;-2.3177665179037157;1;3;5.562572956085205;True
broad;0.223;6.833978376127289;1;3;7.856568813323975;False
narrow;0.082;-1.8488918007050286;1;4;3.2665820121765137;True
narrow;0.05;2.4031067414136515;1;2;1.2839000225067139;True
broad;0.018;16.768599421948963;2;1;2.828580141067505;True
broad;0.223;14.116395695071137;2;4;1.8079180717468262;True
broad;0.03;6.426523208608083;1;1;2.1636910438537598;False
broad;0.135;-3.388084020916735;2;3;2.881861925125122;True
narrow;0.082;1.363348139913573;1;4;1.6345281600952148;True
broad;0.223;-10.180636917691588;2;4;1.7972321510314941;True
narrow;0.03;3.2118446703830124;2;1;3.2019131183624268;False
broad;0.135;-6.475528767444802;2;3;1.5338551998138428;True
narrow;0.018;3.3123904497426295;1;2;1.916511058807373;True
broad;0.223;-6.675530438479861;2;4;2.563912868499756;True
broad;0.223;-14.544525853321847;2;4;0.7618958950042725;True
broad;0.082;-24.45411167188828;2;4;0.8639049530029297;True
broad;0.223;-2.278804901553547;1;4;1.4099068641662598;False
broad;0.05;-5.646122136892074;1;2;1.7418689727783203;False
broad;0.018;4.301165268275695;1;1;1.6845769882202148;False
broad;0.03;-20.522746052059126;2;3;2.3009889125823975;True
broad;0.223;10.442232242991382;2;4;3.4772160053253174;True
broad;0.135;4.725685039933795;2;4;1.766597032546997;True
narrow;0.135;6.288648847962083;2;1;2.7471489906311035;False
broad;0.03;-12.284788374718932;2;1;1.961918830871582;True
narrow;0.135;1.4349564429141126;1;3;1.3119142055511475;True
broad;0.05;8.705865758726429;2;2;2.424208164215088;True
narrow;0.082;-2.3020512487230294;1;4;1.411247968673706;True
broad;0.082;7.434820674989796;1;3;1.8232579231262207;False
narrow;0.03;-3.017308474340825;1;1;2.0745599269866943;True
narrow;0.082;4.972618482712857;1;2;1.5558969974517822;True
narrow;0.082;0.24022295980696318;1;4;1.369877815246582;True
narrow;0.03;-3.870306823473725;1;1;2.647188186645508;True
broad;0.082;-18.062079322100306;2;4;1.3699290752410889;True
narrow;0.135;-5.886653365089324;1;1;1.5672550201416016;True
narrow;0.05;2.749067095671716;1;4;1.4205729961395264;True
narrow;0.135;-4.2825921970794;1;3;1.311702013015747;True
broad;0.135;1.2413658888142423;1;4;1.5519001483917236;False
broad;0.223;6.682769355454832;2;3;1.365945816040039;True
narrow;0.05;1.880397911555086;1;4;0.7472410202026367;True
narrow;0.223;1.1827956228188108;1;4;0.6499178409576416;True
narrow;0.223;-1.2860693168971467;1;4;0.5879240036010742;True
broad;0.018;-1.3825172973058535;2;1;1.3765921592712402;True
broad;0.018;-29.801382371053;2;1;0.9098300933837891;True
narrow;0.018;-0.3194902505298838;1;1;1.0137250423431396;True
narrow;0.135;4.807066008115738;1;2;1.8576860427856445;True
broad;0.135;-17.228901646540383;2;4;1.075768232345581;True
narrow;0.082;-4.313545241180506;1;2;1.812877893447876;True
broad;0.05;-11.53287876836541;2;2;2.969242811203003;True
narrow;0.05;-3.5700791158965295;1;3;1.3506040573120117;True
broad;0.135;15.132650694784346;2;4;0.8283309936523438;True
narrow;0.018;-1.9808556210437245;2;1;1.0239791870117188;False
narrow;0.018;0.8883689639699182;1;1;0.7312428951263428;True
broad;0.223;0.19927570088229712;2;4;1.0745060443878174;True
narrow;0.018;7.749190673253086;1;1;1.2278480529785156;True
broad;0.082;-17.341643971067903;2;4;1.2630839347839355;True
broad;0.018;20.10669648479366;2;1;0.8252420425415039;True
narrow;0.03;4.19213204110119;2;1;0.684575080871582;False
narrow;0.082;7.944560519970232;1;2;3.277008056640625;True
broad;0.05;-5.594498648878773;1;3;2.0625829696655273;False
narrow;0.082;4.159803100850227;1;3;0.920590877532959;True
narrow;0.223;2.2809133245264985;1;4;0.6959249973297119;True
broad;0.135;2.8576911628053105;1;4;0.7285261154174805;False
narrow;0.018;-1.3167314456035584;2;1;0.9599208831787109;False
narrow;0.135;-2.233741097447618;1;4;0.9096939563751221;True
narrow;0.05;-2.609482606636969;1;4;0.5419189929962158;True
broad;0.082;-3.0213652415676577;1;4;0.9643478393554688;False
narrow;0.03;-0.785943598942598;1;1;1.1304090023040771;True
narrow;0.082;6.4948318328822445;2;2;1.3938231468200684;False
narrow;0.082;-1.9148155489472956;1;3;1.3105368614196777;True
broad;0.05;-11.76464047744093;2;3;1.2785799503326416;True
narrow;0.018;-2.3054086534754417;2;1;0.8079319000244141;False
broad;0.223;3.3903130562751516;1;4;1.3399081230163574;False
narrow;0.03;-0.5386348529880395;1;2;3.36262583732605;True
narrow;0.082;-2.74982080313755;1;3;1.2086148262023926;True
narrow;0.05;1.3907287460417206;1;3;1.7005980014801025;True
broad;0.135;7.185282287317412;2;2;1.4443399906158447;True
broad;0.018;3.570752844209811;2;1;0.9992611408233643;True
narrow;0.05;-0.09075672283166515;1;2;1.635239839553833;True
broad;0.018;-7.568663310036077;1;1;0.9019300937652588;False
narrow;0.223;3.6154676252714566;1;4;1.3577110767364502;True
narrow;0.082;-5.126975638891259;1;2;1.6839449405670166;True
broad;0.05;-2.961126448333071;1;2;1.3485760688781738;False
narrow;0.223;-3.5886210173744626;1;3;1.1466078758239746;True
broad;0.018;5.320678673354369;1;1;7.889257907867432;False
narrow;0.135;0.8533542507312193;1;3;1.58595609664917;True
broad;0.03;-14.991160464424121;2;1;1.34256911277771;True
narrow;0.223;-5.415329198363245;2;2;1.477043867111206;False
narrow;0.223;-2.578850198247258;1;3;1.030656099319458;True
broad;0.05;-5.103018079988411;1;2;1.2019331455230713;False
broad;0.018;-11.142443429104404;1;1;0.92569899559021;False
broad;0.05;5.680597788526319;1;2;1.1252739429473877;False
broad;0.03;-8.971638565726408;2;1;0.8683309555053711;True
broad;0.018;2.2358998203482776;2;1;0.8296830654144287;True
narrow;0.082;-0.662730055877624;1;2;1.3532681465148926;True
broad;0.223;-2.517197623621459;1;3;0.6153030395507812;False
broad;0.223;7.8384566513312235;2;4;1.2105779647827148;True
narrow;0.03;6.885001065874215;2;1;1.246588945388794;False
narrow;0.082;1.4612926735828058;1;3;1.5852539539337158;True
narrow;0.223;-2.9859223537439172;2;2;1.045935869216919;False
broad;0.082;-18.392205509514746;2;4;1.5845367908477783;True
broad;0.05;3.2815639229985973;1;4;1.0292840003967285;False
narrow;0.05;-0.3149934793312611;1;3;1.2966229915618896;True
broad;0.03;-11.078135654815922;2;1;1.089048147201538;True
broad;0.018;-10.677669422252764;2;1;1.1059350967407227;True
narrow;0.018;-2.3439788007142535;1;1;0.5299339294433594;True
broad;0.03;-6.518694435234374;2;1;0.8812751770019531;True
narrow;0.135;-1.4672481126432078;1;3;1.282606840133667;True
narrow;0.135;1.776101010925947;1;3;1.1631338596343994;True
broad;0.03;16.276201180844;2;1;2.3693130016326904;True
broad;0.223;-29.03118138635403;2;4;1.2386009693145752;True
narrow;0.05;3.4962078866137527;1;3;1.529222011566162;True
broad;0.223;0.8449359428485246;1;3;0.8645820617675781;False
narrow;0.03;-3.128339470049987;2;1;2.5705950260162354;False
narrow;0.018;4.053028782847015;2;1;0.6159510612487793;False
narrow;0.03;3.8522061090697672;1;1;0.6512341499328613;True
broad;0.135;16.952870558882438;2;4;0.8849790096282959;True
narrow;0.018;-1.7156633146206168;2;1;0.7977299690246582;False
narrow;0.082;-2.861751765691167;2;3;2.858604907989502;False
broad;0.082;-14.433356568679645;2;4;0.8685660362243652;True
broad;0.018;-2.351012396063895;1;1;3.957960844039917;False
broad;0.135;9.73135547728472;2;4;1.0839459896087646;True
narrow;0.018;0.41170039501587774;2;1;0.716602087020874;False
broad;0.05;-18.58544683577707;2;4;0.9559311866760254;True
narrow;0.03;3.2220734848565233;2;1;1.8179171085357666;False
broad;0.05;9.678862793005438;2;2;1.3572978973388672;True
broad;0.135;11.238405511239137;2;4;0.9952740669250488;True
broad;0.05;1.1405926847025847;1;3;1.3279390335083008;False
broad;0.135;-2.1249395659655876;1;4;0.8553328514099121;False
broad;0.03;3.729853342904376;1;1;0.7533018589019775;False
broad;0.03;-0.9368727537520631;1;1;0.6153011322021484;False
broad;0.05;-7.891063891318115;2;2;1.7223460674285889;True
narrow;0.135;4.8620070516417835;2;2;1.097926139831543;False
broad;0.03;2.4140274668519277;1;1;0.8666870594024658;False
narrow;0.223;-4.859701996235429;2;3;1.4760868549346924;False
narrow;0.05;0.3385655330761043;1;3;1.0372469425201416;True
narrow;0.05;-4.334754062927424;1;3;0.9199600219726562;True
narrow;0.223;-0.2850353634485288;1;4;0.7512869834899902;True
broad;0.223;1.1512666085405514;1;4;0.5010478496551514;False
narrow;0.03;2.2329564062356924;1;1;0.7250308990478516;True
narrow;0.03;-3.3294653565704175;2;1;0.7246019840240479;False
broad;0.135;-3.3901486439800284;2;3;1.6919498443603516;True
broad;0.018;2.081494664143225;1;3;1.6926259994506836;False
narrow;0.05;3.042140065597387;1;3;3.6532790660858154;True
broad;0.082;13.847267552941716;2;4;0.9673027992248535;True
broad;0.03;-10.16753298014658;2;2;1.5646100044250488;True
broad;0.135;-1.3680358052086679;1;3;1.0905699729919434;False
narrow;0.018;-2.947440769988818;2;1;1.3072640895843506;False
narrow;0.223;3.0363506937068108;1;4;0.9952831268310547;True
narrow;0.135;0.02559346618872871;1;4;0.5199460983276367;True
narrow;0.135;-4.595492818589346;1;3;1.4632928371429443;True
broad;0.082;-4.201798329447536;1;3;0.6492600440979004;False
narrow;0.135;-2.6058675260213997;1;4;0.9473111629486084;True
broad;0.03;12.628664348775587;1;1;1.8259568214416504;False
broad;0.018;-13.740909758205028;2;1;0.6132869720458984;True
broad;0.018;-2.6809714043962476;2;1;0.5292901992797852;True
narrow;0.03;-1.8103455027077113;1;1;0.3526310920715332;True
narrow;0.05;0.3283439470380586;1;2;1.7505998611450195;True
broad;0.05;1.702834885139111;1;3;0.9406330585479736;False
narrow;0.03;0.9350051921802304;1;1;0.7070760726928711;True
narrow;0.018;-3.113893761819613;1;1;0.5632531642913818;True
narrow;0.223;1.6905274056837682;1;4;1.0172920227050781;True
narrow;0.018;-3.5585577260912955;1;3;0.7723970413208008;True
narrow;0.05;2.4100379384999178;1;3;1.1859447956085205;True
narrow;0.05;-2.560638450007488;1;3;1.0144100189208984;True
broad;0.082;17.200784148596448;2;4;1.1626031398773193;True
narrow;0.135;5.456362476514107;2;2;1.4245848655700684;False
broad;0.223;9.786496004067024;2;4;0.9479520320892334;True
broad;0.082;0.2560022922177623;2;1;1.2265350818634033;True
narrow;0.082;-5.608894428601125;2;2;0.9500069618225098;False
narrow;0.018;1.9118523426687863;1;1;0.9959759712219238;True
narrow;0.223;1.734463518532389;1;4;0.8806111812591553;True
broad;0.082;15.9875356659767;2;4;0.8499488830566406;True
broad;0.05;37.69072670742433;2;4;0.7397258281707764;True
broad;0.082;2.6332889546414973;2;1;1.4826078414916992;True
broad;0.03;16.851209500514436;2;1;1.667240858078003;True
broad;0.135;-5.980438552812155;2;3;1.1726369857788086;True
broad;0.018;8.584578238640008;1;1;0.9699501991271973;False
narrow;0.018;-0.31479202125410766;1;1;0.43930912017822266;True
broad;0.135;9.003107112635616;2;2;1.3777179718017578;True
broad;0.03;2.4615138618823798;1;2;2.56760311126709;False
broad;0.03;10.142467806009254;1;1;0.8766300678253174;False
broad;0.082;-15.660107937550482;2;4;1.397963047027588;True
narrow;0.03;2.7809386206252618;2;1;0.6826310157775879;False
narrow;0.223;2.2834400895302407;1;4;1.01127290725708;True
narrow;0.018;1.2230424506624125;2;1;0.7433140277862549;False
broad;0.082;-8.906408320905586;2;2;1.6779429912567139;True
broad;0.018;16.597203606841035;2;1;1.2073099613189697;True
narrow;0.223;-3.2951841791069523;1;2;1.5713019371032715;True
narrow;0.223;0.38286491928024446;1;4;0.7118070125579834;True
broad;0.018;-13.729579046674587;1;1;1.0239250659942627;False
narrow;0.082;-2.075506666013167;1;3;1.587332010269165;True
narrow;0.082;-2.49149405146201;1;3;0.7679538726806641;True
narrow;0.05;-0.16651758165088967;1;4;1.261064052581787;True
narrow;0.018;1.835206858485865;1;1;0.8233239650726318;True
narrow;0.03;-4.349506395789373;2;1;0.33861684799194336;False
broad;0.082;4.164026824317437;1;2;1.2572550773620605;False
broad;0.03;-9.183290023441305;2;2;1.6272809505462646;True
narrow;0.135;0.2771689735230257;1;3;1.0706348419189453;True
narrow;0.05;-1.3034729727378709;1;3;1.1599421501159668;True
narrow;0.223;-2.477170334745749;1;4;1.109929084777832;True
broad;0.05;-13.151649455537397;2;4;0.838001012802124;True
broad;0.082;18.381917788761776;2;4;0.5125980377197266;True
broad;0.135;24.34654708642543;2;4;0.38461899757385254;True
narrow;0.223;4.622337307129367;1;2;1.605036973953247;True
broad;0.223;-3.831662793208701;1;3;1.1212670803070068;False
narrow;0.135;-0.533743234243333;1;4;0.6166090965270996;True
narrow;0.135;0.49929628406811544;1;4;0.38796305656433105;True
narrow;0.03;1.7202212940323538;2;1;0.7366011142730713;False
broad;0.135;-6.193188605900075;2;4;0.9592678546905518;True
broad;0.223;-5.964271336097603;2;2;0.9893019199371338;True
narrow;0.135;-2.9680085969835615;1;2;1.081732988357544;True
broad;0.082;12.07374772206712;2;4;0.8906049728393555;True
narrow;0.05;3.01898428963063;2;1;1.0032598972320557;False
broad;0.05;16.2233890262629;2;3;1.135329008102417;True
broad;0.05;-6.302999423331;2;2;0.821958065032959;True
broad;0.03;20.86116157611712;2;3;1.2332780361175537;True
narrow;0.05;1.2198636123808397;2;1;0.9853179454803467;False
broad;0.135;-3.9101635410930147;2;2;1.310007095336914;True
narrow;0.223;0.8961570853610651;1;3;1.2140140533447266;True
narrow;0.082;1.132599708812731;1;2;0.6900110244750977;True
broad;0.223;13.882956776726637;2;4;0.6986889839172363;True
broad;0.03;-3.3353507219152654;2;1;0.8984661102294922;True
narrow;0.135;-1.1258684805720078;1;4;1.5224699974060059;True
broad;0.018;11.229994919896237;1;2;1.1460239887237549;False
narrow;0.03;3.5241442697687044;1;1;0.7126989364624023;True
broad;0.223;-6.804785841546021;2;4;1.0326759815216064;True
broad;0.018;27.998601433111908;2;1;0.6752970218658447;True
broad;0.223;16.56597605453445;2;4;0.7167060375213623;True
narrow;0.018;4.081954528066889;1;1;0.7080178260803223;True
narrow;0.223;-5.625793447636523;2;3;1.8360259532928467;False
broad;0.03;8.418944509353386;2;1;0.8304438591003418;True
narrow;0.018;-4.483998590258331;2;1;0.6340210437774658;False
broad;0.03;7.781804433806271;1;1;0.43666505813598633;False
broad;0.05;13.139518234218048;2;3;0.9993381500244141;True
narrow;0.223;3.0349689641401376;2;2;1.4510979652404785;False
narrow;0.135;1.2515314332372962;1;4;0.7173399925231934;True
narrow;0.018;4.747067876564489;2;1;0.8046910762786865;False
narrow;0.03;4.000157579741147;1;1;0.7526350021362305;True
narrow;0.05;-3.571570468215077;2;2;2.2146990299224854;False
narrow;0.082;-3.7822026962352115;1;2;1.8586909770965576;True
narrow;0.03;2.194205948768108;2;1;0.7646992206573486;False
broad;0.223;11.452834823651038;2;4;1.0026931762695312;True
broad;0.135;-3.1782180898205574;1;3;3.0706589221954346;False
broad;0.05;-18.472519294573576;2;4;0.9439911842346191;True
broad;0.082;17.679977508165287;2;4;0.6464831829071045;True
narrow;0.135;4.952128572999467;1;2;2.0893750190734863;True
narrow;0.082;4.52885852041057;1;3;0.9460039138793945;True
broad;0.135;-26.952905642337928;2;4;0.6566669940948486;True
broad;0.135;12.260569590246487;2;2;1.03444504737854;True
broad;0.223;7.470463032068286;2;2;0.8211030960083008;True
narrow;0.018;0.43447408792543674;2;2;0.5526430606842041;False
broad;0.03;0.654185772183852;1;1;0.9027690887451172;False
narrow;0.082;6.622843496620732;2;1;4.558696031570435;False
narrow;0.082;-2.9483535914518386;1;2;1.772705078125;True
narrow;0.135;1.5913632729887714;1;3;0.8819971084594727;True
narrow;0.223;-2.8899829631067018;1;3;1.226707935333252;True
broad;0.018;6.6494598078870695;1;1;0.7977728843688965;False
broad;0.082;-26.006283758686862;2;4;0.7707240581512451;True
broad;0.082;-10.48750507953911;2;2;0.9519979953765869;True
broad;0.018;3.9729005735268306;2;1;0.7260000705718994;True
narrow;0.05;4.194333877074412;1;1;1.957353115081787;True
narrow;0.018;0.02792710102236222;2;1;0.6593918800354004;False
broad;0.082;-18.32175247910219;2;4;1.6933009624481201;True
narrow;0.018;1.4269736072753383;2;1;0.5899980068206787;False
narrow;0.135;2.063014949196115;1;4;1.3546650409698486;True
broad;0.082;-4.780450525653839;1;3;1.2966690063476562;False
broad;0.05;-12.31830992875301;2;4;1.113339900970459;True
broad;0.03;-2.002253219748956;2;1;0.7933790683746338;True
narrow;0.135;5.0100580375921115;1;1;1.5180199146270752;True
broad;0.082;-6.551640238626003;2;2;1.8771109580993652;True
narrow;0.018;-4.492077963153619;1;1;0.6064658164978027;True
narrow;0.03;0.007442182389038268;2;1;0.46646785736083984;False
broad;0.03;-13.031920677017427;2;1;1.8680269718170166;True
broad;0.082;4.37992606246187;1;2;1.405285120010376;False
broad;0.223;-2.449156685541288;1;4;0.9613220691680908;False
narrow;0.05;0.8523754066665417;1;3;1.487354040145874;True
narrow;0.05;-2.968216748163175;1;3;0.7680299282073975;True
broad;0.018;14.787313310499997;1;1;0.7092740535736084;False
narrow;0.082;-1.1675376909001132;1;2;0.9013051986694336;True
narrow;0.082;6.380441087645615;2;1;1.1413140296936035;False
broad;0.05;18.300899305938998;2;4;1.3239591121673584;True
broad;0.135;-4.906931524703218;1;2;2.2753779888153076;False
broad;0.082;-18.33218410984102;2;4;0.8206939697265625;True
broad;0.223;-8.734168417585416;2;2;0.9440128803253174;True
broad;0.018;13.873359192301738;1;1;0.7584679126739502;False
narrow;0.05;-0.70344895977389;2;1;2.8286070823669434;False
broad;0.135;-7.934384818257291;1;1;2.9200620651245117;False
broad;0.05;10.349147222839788;2;2;2.183298110961914;True
broad;0.082;-1.5308901782946962;1;4;0.8920769691467285;False
narrow;0.05;5.603997074888604;1;2;1.0686988830566406;True
narrow;0.018;-1.245877342752739;1;1;0.9180901050567627;True
narrow;0.05;0.3370067967223059;1;2;1.7414770126342773;True
broad;0.223;-14.66980118978862;2;3;1.3480420112609863;True
narrow;0.03;-2.599076485622791;1;2;1.4506521224975586;True
broad;0.135;-7.995948311280234;1;2;1.1485300064086914;False
broad;0.03;5.016255526792049;2;1;1.026689052581787;True
narrow;0.223;6.872563293897167;1;1;2.5580639839172363;True
narrow;0.223;2.1443989602228877;1;3;1.5160949230194092;True
narrow;0.223;-4.351818590468821;1;3;0.7793829441070557;True
narrow;0.082;-0.13616240906393628;1;4;0.7366020679473877;True
broad;0.03;17.361452595637797;2;2;2.1814157962799072;True
narrow;0.03;-2.377819243780703;1;1;1.218095064163208;True
narrow;0.223;3.1585292182605182;1;3;1.4613330364227295;True
narrow;0.018;-3.5981853093578104;1;1;0.839432954788208;True
narrow;0.082;-1.4215524603336078;1;3;1.0740830898284912;True
narrow;0.018;2.0464908567002027;1;1;0.7631349563598633;True
broad;0.135;7.01922232852767;2;1;0.9694769382476807;True
broad;0.018;-6.4341270847169945;2;1;0.6624948978424072;True
narrow;0.135;2.457699309856417;1;2;0.9527368545532227;True
narrow;0.05;-4.744103306767746;1;2;1.0548489093780518;True
broad;0.223;-9.186281409307997;2;2;2.0566649436950684;True
broad;0.03;-9.121123090254809;1;1;2.7466719150543213;False
narrow;0.05;1.8573497822855054;2;2;1.8254010677337646;False
broad;0.05;-1.0705853652908877;1;2;1.5087299346923828;False
narrow;0.05;-1.9056542882313896;1;2;0.8366560935974121;True
broad;0.135;6.135891437731887;2;2;1.399118185043335;True
broad;0.018;6.462041154300117;1;1;0.755181074142456;False
broad;0.082;-15.030540090825163;2;4;2.1933798789978027;True
narrow;0.135;-5.778418306371283;1;1;2.31801700592041;True
narrow;0.135;-0.997704086237702;1;4;1.4773261547088623;True
broad;0.135;-4.268108332953262;1;4;0.7586491107940674;False
broad;0.223;-18.549279751515712;2;4;0.7727022171020508;True
narrow;0.082;1.9854249125692813;1;4;0.9780280590057373;True
narrow;0.135;-3.3848211788415834;1;2;1.247412919998169;True
narrow;0.135;0.7806584909697525;1;4;1.2420260906219482;True
broad;0.135;-9.850704500160202;2;4;0.9167270660400391;True
narrow;0.082;1.7880668403781772;1;4;0.8357319831848145;True
broad;0.082;1.1758095525692889;1;4;0.6707119941711426;False
narrow;0.223;4.996725968960302;2;2;2.4240520000457764;False
narrow;0.018;4.744494258218645;2;1;0.9072098731994629;False
narrow;0.03;1.2964589137590234;1;1;0.35539698600769043;True
broad;0.082;16.46710713430376;2;4;1.0813989639282227;True
broad;0.05;7.213401502222423;1;3;1.7225120067596436;False
broad;0.223;-15.39999779646863;2;4;0.7058420181274414;True
narrow;0.03;0.9575403188393525;2;1;0.7458100318908691;False
narrow;0.223;-5.478736006028818;1;2;1.4326848983764648;True
broad;0.135;0.631799383815721;1;4;0.7473609447479248;False
broad;0.223;-2.1913063731156845;1;4;0.578057050704956;False
narrow;0.03;0.6737817436497574;1;4;0.43939900398254395;True
broad;0.135;18.254082820998956;2;4;1.2979941368103027;True
narrow;0.05;-0.6159638809525818;1;3;1.0744919776916504;True
narrow;0.135;-3.0069202468507266;1;2;1.212080955505371;True
broad;0.05;-10.914723287041173;2;3;1.1763720512390137;True
narrow;0.082;6.0850908954447815;2;3;0.7334079742431641;False
broad;0.135;-7.331327246356587;2;3;0.676051139831543;True
narrow;0.05;-0.7204483490633466;1;3;1.6851439476013184;True
broad;0.223;5.932294472367644;2;2;0.8303420543670654;True
broad;0.03;15.38057478903519;1;1;0.8973450660705566;False
narrow;0.03;3.287427026799726;2;1;0.7220571041107178;False
narrow;0.03;2.9235065639675994;1;1;0.7214450836181641;True
narrow;0.082;-2.4851384202608005;1;3;1.2647430896759033;True
narrow;0.135;1.984711838366507;1;3;1.194718837738037;True
broad;0.082;-11.276575456311067;2;4;1.0071611404418945;True
narrow;0.223;0.8859652803457585;1;4;1.0193638801574707;True
narrow;0.018;-4.261189738051108;2;1;0.7264809608459473;False
narrow;0.223;-0.19531000679348154;1;4;0.9899649620056152;True
broad;0.082;4.236762693227794;1;2;1.21868896484375;False
broad;0.223;0.30366321008016023;1;4;0.6620562076568604;False
narrow;0.082;-3.114746577723493;1;4;0.5280349254608154;True
narrow;0.03;4.019619737294634;2;1;0.6953299045562744;False
broad;0.03;21.24277234375585;2;4;1.0960569381713867;True
narrow;0.03;2.0668541895904275;2;1;0.7927300930023193;False
narrow;0.018;1.7984804925911173;1;1;0.7333970069885254;True
broad;0.05;13.518680322974557;2;4;1.2758657932281494;True
narrow;0.223;0.6115975854395355;1;4;0.701138973236084;True
broad;0.223;22.109768320982063;2;4;0.7574119567871094;True
broad;0.03;3.342775759214639;2;1;0.9793980121612549;True
narrow;0.135;-1.2933339895419955;1;3;1.4485359191894531;True
narrow;0.03;2.030199307621934;1;1;0.7784709930419922;True
narrow;0.05;-4.585904218966878;1;3;1.4960641860961914;True
broad;0.018;-7.1163526472474805;2;1;1.1366798877716064;True
narrow;0.018;-1.4484802712268754;1;1;0.5193829536437988;True
narrow;0.03;-3.480051387132921;2;1;0.6067230701446533;False
broad;0.082;-6.626046777680125;1;3;1.626607894897461;False
broad;0.018;-14.985209135621236;2;1;0.662100076675415;True
narrow;0.018;0.3847056878143969;1;1;0.5200259685516357;True
narrow;0.03;2.436944718907292;2;1;0.6633570194244385;False
broad;0.05;-0.048667151945787857;1;3;1.057387113571167;False
broad;0.018;-12.343033000620565;1;1;1.7154171466827393;False
broad;0.018;13.224300098400187;2;1;0.8346748352050781;True
broad;0.082;-3.4508563419833855;1;3;1.1971938610076904;False
narrow;0.018;3.70152092075603;2;2;2.034057855606079;False
broad;0.018;10.006386369848183;1;1;0.9887580871582031;False
broad;0.03;-18.289306107224064;2;1;0.39341211318969727;True
broad;0.05;-23.65032589403175;2;4;0.814018964767456;True
narrow;0.05;-1.7682414866392964;1;3;1.0420238971710205;True
broad;0.03;-1.9290828860183966;1;1;0.8928079605102539;False
broad;0.018;-16.737563362236507;2;1;0.75718092918396;True
broad;0.03;4.191716834847076;1;1;0.5072181224822998;False
narrow;0.135;2.496778254137924;1;4;0.8911762237548828;True
narrow;0.135;2.4057169183379505;1;4;0.5400569438934326;True
broad;0.082;2.6329864331261503;1;4;0.38672304153442383;False
broad;0.135;8.051319863128896;2;3;1.023184061050415;True
narrow;0.05;2.071705935050673;1;3;1.2427260875701904;True
broad;0.05;5.371715336822732;1;3;0.6613359451293945;False
broad;0.05;-9.195931021511566;2;4;0.9594171047210693;True
narrow;0.223;2.543974618869105;1;4;0.7013070583343506;True
narrow;0.223;-4.7455721116632095;2;2;2.237185001373291;False
broad;0.018;-24.159997956126006;1;1;0.7521140575408936;False
broad;0.05;10.643525925457274;2;1;2.158066987991333;True
broad;0.05;-0.058685854616349516;1;3;0.8680429458618164;False
broad;0.018;-3.546041648604838;1;1;0.741441011428833;False
broad;0.05;-25.88239720151796;2;4;0.7160658836364746;True
broad;0.03;-7.9191804912931785;2;1;1.4911530017852783;True
narrow;0.082;-1.239644043897103;1;3;0.9641039371490479;True
narrow;0.135;-1.2102631240585768;1;3;0.9540619850158691;True
narrow;0.018;0.7595927931888398;2;1;0.6880221366882324;False
narrow;0.223;-1.6976716860323737;1;3;1.704707145690918;True
broad;0.018;3.9934985929752296;1;1;0.632781982421875;False
broad;0.03;-1.7438531808820477;2;1;0.4753851890563965;True
narrow;0.05;-0.6463770413574172;1;3;1.3487420082092285;True
broad;0.223;-8.415969305196537;2;2;1.1707298755645752;True
broad;0.082;-5.259084181998725;2;4;1.2560770511627197;True
broad;0.05;13.487860109922497;2;4;0.778076171875;True
narrow;0.05;-4.034826393991245;1;3;2.0633909702301025;True
narrow;0.223;-2.710959138356545;1;3;0.849445104598999;True
narrow;0.082;-1.9934881670060909;1;3;0.6751890182495117;True
broad;0.03;10.359759188787406;2;2;0.9967970848083496;True
narrow;0.03;5.073681137732004;2;1;1.2894268035888672;False
broad;0.223;-0.3742474439936031;1;4;0.8100559711456299;False
narrow;0.018;1.0154764987997833;1;1;0.8380520343780518;True
narrow;0.082;-1.800659741245978;1;3;0.9047319889068604;True
broad;0.135;21.293452567108083;2;4;0.8567171096801758;True
broad;0.223;9.77390762944093;2;4;0.522698163986206;True
broad;0.05;-23.318407673336743;2;4;0.6577880382537842;True
narrow;0.135;-1.775747972626;1;4;0.6998770236968994;True
narrow;0.082;2.9046016963647068;1;3;1.5959930419921875;True
narrow;0.223;0.13169769130199183;1;4;0.6807661056518555;True
broad;0.018;-13.517507786305497;1;1;0.7860939502716064;False
narrow;0.03;1.7945532653840925;2;1;0.43072986602783203;False
broad;0.135;-7.3894327172648016;2;3;1.33809494972229;True
broad;0.135;1.796795602656789;1;3;0.9127027988433838;False
narrow;0.135;-0.7319826551249212;1;3;1.0828070640563965;True
broad;0.135;1.3669870916463227;1;3;0.8432660102844238;False
narrow;0.03;0.0922531260833499;1;2;0.9421160221099854;True
narrow;0.135;0.32740697462642104;1;4;1.7167589664459229;True
narrow;0.03;0.8643337987968016;2;1;0.7638700008392334;False
narrow;0.135;-3.2686103844594094;1;2;1.994117021560669;True
broad;0.05;-9.26247748068206;2;3;1.6547980308532715;True
broad;0.082;11.769533922991677;2;4;0.776792049407959;True
narrow;0.018;-2.5786287490233533;2;1;1.6061489582061768;False
narrow;0.018;-0.029031072753284128;1;1;0.3941531181335449;True
broad;0.082;-22.011976097350974;2;4;0.7588479518890381;True
broad;0.03;7.275772388000811;2;3;1.4447829723358154;True
narrow;0.135;-0.6137305694265539;1;3;1.119508981704712;True
broad;0.05;-18.67585524107507;2;4;1.2228238582611084;True
broad;0.135;-14.073703393974668;2;4;0.6098639965057373;True
broad;0.03;1.4541843472014169;1;3;1.4301719665527344;False
broad;0.223;-10.285727520711312;2;3;1.5054330825805664;True
broad;0.05;13.236369145829778;2;4;0.7774500846862793;True
broad;0.135;-3.3245127395587444;1;3;2.0388388633728027;False
narrow;0.018;2.889399632056584;2;1;2.6974971294403076;False
narrow;0.03;3.976922939723948;1;1;0.6101319789886475;True
broad;0.05;-7.888615642992034;1;1;2.1021218299865723;False
broad;0.03;4.939313861927773;2;1;0.7820701599121094;True
broad;0.082;-13.071894956074921;2;2;1.1148419380187988;True
broad;0.135;-6.310088454557395;2;2;2.346832036972046;True
broad;0.03;6.182535728369054;1;1;0.953502893447876;False
broad;0.082;-7.083980433415929;1;1;2.3912558555603027;False
broad;0.03;-13.822819665633197;2;1;1.3401529788970947;True
narrow;0.082;-1.0661874821315958;1;3;1.194838047027588;True
broad;0.05;-3.6202536785981776;1;3;0.6552438735961914;False
broad;0.05;-10.792673364406294;2;3;1.449455976486206;True
broad;0.03;12.867085953796954;2;1;0.7234411239624023;True
narrow;0.03;-2.8243380368372764;2;1;0.5948190689086914;False
broad;0.082;4.438812240008646;2;1;1.0234808921813965;True
narrow;0.03;0.8390279617613928;1;1;1.394740104675293;True
broad;0.135;-10.923063974084219;2;4;1.0792438983917236;True
broad;0.082;1.3581481496836862;1;4;1.0407218933105469;False
narrow;0.05;4.850512156723142;1;4;1.2112388610839844;True
broad;0.223;8.092120094896345;2;3;0.9112489223480225;True
broad;0.018;2.598514174695388;2;1;0.8154869079589844;True
narrow;0.05;-0.45565813943245503;1;3;0.962791919708252;True
broad;0.135;-1.0393574193850168;1;4;0.7288241386413574;False
narrow;0.082;-1.1168562930525936;1;4;0.7041327953338623;True
narrow;0.082;2.038886858444112;1;4;0.9038591384887695;True
broad;0.018;-4.40421369310063;1;1;1.0961079597473145;False
narrow;0.223;4.931609526312849;2;3;1.1528141498565674;False
narrow;0.223;1.8899441224061857;1;3;1.7828400135040283;True
narrow;0.05;3.8538852834224406;1;3;1.2274549007415771;True
broad;0.018;-7.081713865508956;1;1;0.9510531425476074;False
narrow;0.018;-0.8914155651821576;2;1;0.5728321075439453;False
narrow;0.018;0.11631812918742379;1;1;0.5461111068725586;True
broad;0.05;-1.9343453490458224;1;3;0.9447999000549316;False
broad;0.018;5.266816482889387;1;1;0.7195010185241699;False
broad;0.05;2.1803187788218388;1;3;0.8387551307678223;False
broad;0.135;-15.963103397150979;2;4;0.8254668712615967;True
broad;0.03;10.719734054635587;2;1;0.9967179298400879;True
broad;0.03;-5.54266674968002;1;1;0.40143799781799316;False
narrow;0.018;-0.17182430033489057;2;1;0.30125999450683594;False
narrow;0.135;-8.149839809415788;2;2;0.8292422294616699;False
narrow;0.082;1.5580336522762146;1;4;1.2327919006347656;True
narrow;0.05;-1.4100915200609083;1;3;1.2114901542663574;True
broad;0.05;12.227718427860342;2;3;1.6475000381469727;True
broad;0.223;13.063762182659794;2;4;0.6901488304138184;True
broad;0.018;-29.33537277570707;2;1;0.6827409267425537;True
broad;0.018;-10.006738638126828;1;1;0.4754490852355957;False
broad;0.135;-26.322316311511717;2;4;0.8685438632965088;True
broad;0.082;-5.166807521794565;1;4;0.9581451416015625;False
narrow;0.05;-7.038593075587425;1;3;1.2921559810638428;True
narrow;0.05;-3.460949905400281;1;3;0.9967539310455322;True
narrow;0.082;0.06967773833230989;1;3;0.6254761219024658;True
broad;0.135;-5.330913748878217;1;4;0.5007531642913818;False
broad;0.223;-0.7937250440018679;1;4;0.43680381774902344;False
narrow;0.082;-2.6996113591301896;1;4;0.4713449478149414;True
narrow;0.082;-0.9315158347231014;1;4;0.520806074142456;True
narrow;0.018;3.4306073747358585;2;1;0.7440509796142578;False
narrow;0.03;1.2629049414632272;1;1;1.8468279838562012;True
narrow;0.223;1.8597028400272404;1;3;0.8814830780029297;True
narrow;0.082;0.6732842428382506;1;3;0.5228250026702881;True
narrow;0.018;-1.1392811599615247;1;1;0.7939188480377197;True
broad;0.018;-2.5153020770761083;1;1;0.4468381404876709;False
narrow;0.018;2.007476335903045;1;1;0.3854520320892334;True
narrow;0.135;-1.3436603246194472;1;4;0.9101290702819824;True
narrow;0.05;0.32255417936699937;1;4;1.0299429893493652;True
broad;0.05;-29.439482427987727;2;4;0.9374921321868896;True
broad;0.05;13.20024733048629;2;4;0.6481220722198486;True
broad;0.082;-14.635817583183325;2;4;0.5148100852966309;True
broad;0.082;-0.8224238586567839;1;4;0.9861660003662109;False
broad;0.03;-17.93110370467761;2;2;1.630730152130127;True
narrow;0.135;2.4435461679654984;1;2;1.4820950031280518;True
broad;0.223;-1.8159188613507427;1;3;0.8668138980865479;False
broad;0.223;5.322353901115307;2;2;1.268164873123169;True
broad;0.223;-17.842933576852992;2;4;0.7574400901794434;True
narrow;0.082;3.4794996896246704;1;2;1.8435289859771729;True
broad;0.223;4.3099074022606985;2;2;1.39815092086792;True
narrow;0.223;-3.715918723485051;1;2;1.3227860927581787;True
narrow;0.223;3.3279418129500487;1;3;1.3221142292022705;True
broad;0.03;-7.344535634389084;1;1;1.449458122253418;False
narrow;0.05;-1.065755726195433;1;2;1.1394329071044922;True
narrow;0.135;3.4615861398410166;1;2;0.7619211673736572;True
narrow;0.03;-3.9281633283903146;1;1;0.6321079730987549;True
narrow;0.082;3.3106316384081707;2;1;1.1468169689178467;False
broad;0.018;11.82351278071003;2;1;0.6574859619140625;True
narrow;0.135;0.9425247342031957;1;2;1.4752278327941895;True
broad;0.018;-5.973812886698962;1;2;0.7568159103393555;False
broad;0.082;-6.9892082140776814;2;2;2.106834888458252;True
broad;0.135;5.585943219905719;2;2;0.7627298831939697;True
broad;0.082;6.663926676958616;2;2;0.7688121795654297;True
narrow;0.135;2.5233079416090427;1;2;0.7899320125579834;True
narrow;0.135;-0.5807791849043102;1;3;0.9068031311035156;True
narrow;0.018;1.1014850614053049;1;1;0.7387998104095459;True
narrow;0.223;-2.396543754970341;1;3;1.1374900341033936;True
broad;0.135;15.971124699056588;2;4;0.8801560401916504;True
narrow;0.135;1.613558447029539;1;4;0.7374730110168457;True
narrow;0.135;-1.51958731487743;1;4;0.5601241588592529;True
broad;0.135;20.973650299027177;2;4;0.6781611442565918;True
narrow;0.03;2.7646043258860264;1;1;0.6954660415649414;True
broad;0.03;-3.8191069760873715;2;1;0.4161219596862793;True
narrow;0.223;-4.416047731112429;1;3;1.8435001373291016;True
narrow;0.223;3.396826195274917;1;3;1.2381250858306885;True
narrow;0.082;-5.2920651045823615;2;2;1.7528159618377686;False
broad;0.03;1.6987217659757585;2;1;0.59877610206604;True
broad;0.223;14.123274877585331;2;4;0.7867879867553711;True
broad;0.05;-25.284643922341946;2;4;0.6794960498809814;True
broad;0.223;-31.63512908587534;2;4;0.4407961368560791;True
narrow;0.135;4.378908559640869;1;4;0.8274610042572021;True
broad;0.018;6.41448569161156;2;1;0.7348141670227051;True
narrow;0.05;-2.5724783421720154;1;2;1.3575348854064941;True
broad;0.223;2.6931254985601174;1;2;0.7715160846710205;False
narrow;0.05;-1.1322783384508517;1;2;0.9127850532531738;True
broad;0.135;-6.050835939557951;2;2;1.432805061340332;True
broad;0.05;5.0291326067575675;2;2;2.4195029735565186;True
broad;0.082;9.049753959101924;2;3;1.0388140678405762;True
broad;0.223;2.0995317477007025;1;3;1.5934679508209229;False
broad;0.03;-0.3615515029483908;1;2;1.4621191024780273;False
broad;0.018;3.9278074811551615;2;1;0.8961660861968994;True
broad;0.018;-14.635904203379889;1;1;0.4728279113769531;False
narrow;0.03;-0.8676472883540652;2;1;0.5381331443786621;False
broad;0.05;11.758763409941734;2;3;1.448822021484375;True
broad;0.082;-18.326123815025806;2;4;0.9948420524597168;True
broad;0.223;16.806299924016628;2;4;0.48750901222229004;True
narrow;0.03;-1.7972469666360555;1;1;1.4401710033416748;True
narrow;0.082;4.324888486349846;1;3;1.4588210582733154;True
narrow;0.03;-3.008636019067575;1;1;0.9807732105255127;True
narrow;0.03;6.608132982613908;2;1;0.6181740760803223;False
narrow;0.05;-6.753073213157692;1;2;2.7734858989715576;True
narrow;0.018;2.9396920386943184;2;1;1.5228188037872314;False
broad;0.223;-23.850665786317826;2;4;1.0261859893798828;True
broad;0.03;-4.416338152720087;1;1;1.8134698867797852;False
narrow;0.05;-1.4455410822711758;1;1;1.481518030166626;True
broad;0.135;-19.534568463695884;2;3;1.1545839309692383;True
broad;0.018;9.153781575592003;2;1;0.6727819442749023;True
broad;0.018;-6.162113077063294;2;1;0.43409085273742676;True
narrow;0.082;-2.778344527042549;1;2;1.476837158203125;True
narrow;0.223;4.237267045634865;1;3;1.1901628971099854;True
broad;0.05;10.495054482407648;2;3;0.8027570247650146;True
broad;0.018;26.17873365441885;2;1;1.1507458686828613;True
narrow;0.018;-2.0473049178737557;1;1;0.8688180446624756;True
broad;0.018;16.358816667415528;2;1;0.7260921001434326;True
broad;0.03;-8.26862806944498;1;1;0.47758007049560547;False
narrow;0.135;1.0699677566700623;1;3;0.8947939872741699;True
narrow;0.05;0.3679844736826749;1;2;4.7675089836120605;True
narrow;0.03;4.343840569003411;1;1;0.7648251056671143;True
broad;0.05;2.548567346863708;1;2;1.0028448104858398;False
broad;0.03;17.286695351367968;2;2;0.9828670024871826;True
narrow;0.135;-1.972413008500062;2;2;2.3472838401794434;False
broad;0.135;-13.235664145122822;2;3;0.9701199531555176;True
broad;0.018;4.328883291198247;2;1;0.815546989440918;True
narrow;0.082;-4.6611189017799335;2;1;1.722856044769287;False
broad;0.05;1.557022780569472;1;1;1.1301980018615723;False
narrow;0.05;-0.6939153559442227;1;2;0.6494967937469482;True
broad;0.082;13.952142163161225;2;3;1.0835180282592773;True
narrow;0.082;-2.4330704555408125;1;3;0.7562088966369629;True
broad;0.03;7.3467820571275695;2;2;1.3941848278045654;True
narrow;0.135;-6.5949303079983075;1;2;0.8948159217834473;True
broad;0.082;-24.76141318142318;2;4;0.7515349388122559;True
narrow;0.05;-1.3011452603330445;1;4;0.8614981174468994;True
narrow;0.018;-1.3466248789757171;2;1;0.6794979572296143;False
narrow;0.018;-3.5426740823920735;1;1;0.3528299331665039;True
narrow;0.03;-3.994562908928401;1;1;0.39886999130249023;True
narrow;0.018;5.923087496276794;2;1;0.3708040714263916;False
narrow;0.223;-1.3950572222402946;1;4;0.7281579971313477;True
broad;0.223;1.4018897951694596;1;4;0.6632499694824219;False
broad;0.082;1.4480958688399959;1;4;0.4734780788421631;False
narrow;0.223;1.431927024915362;1;4;0.37879204750061035;True
narrow;0.03;-1.6647739237212689;2;1;1.6401488780975342;False
narrow;0.05;-0.4265644417383796;1;2;1.154738187789917;True
broad;0.223;10.945171899009264;2;3;1.1048691272735596;True
narrow;0.082;-7.898243600756402;2;3;0.6968472003936768;False
narrow;0.223;1.454964619340064;1;4;1.017453908920288;True
broad;0.135;8.616537139864512;2;4;0.908560037612915;True
broad;0.018;5.663052421582202;2;1;0.5487489700317383;True
narrow;0.082;1.5133142087039797;1;2;0.9626071453094482;True
narrow;0.018;-2.355685117947412;1;1;1.024765968322754;True
narrow;0.03;1.1210717791247544;2;1;0.37220096588134766;False
narrow;0.082;-3.889762450978096;2;2;0.8015410900115967;False
narrow;0.05;2.5496353797245574;1;2;0.749500036239624;True
narrow;0.135;3.5356217230296876;2;2;2.731518030166626;False
narrow;0.03;-5.617662384530604;2;1;0.6426019668579102;False
narrow;0.223;4.941945432680045;2;3;1.125478982925415;False
narrow;0.223;-0.7776804126159693;1;4;0.7168421745300293;True
narrow;0.018;0.230052519947346;1;1;0.636206865310669;True
broad;0.03;7.938753881257335;2;1;0.5028190612792969;True
broad;0.05;27.600534669318456;2;4;0.862861156463623;True
narrow;0.03;-3.2774319291447753;2;1;0.6328589916229248;False
narrow;0.223;0.9270803087162047;1;4;0.8194668292999268;True
broad;0.135;3.5326060587956674;1;3;0.9028069972991943;False
narrow;0.018;-1.7386875436064955;2;1;0.4948139190673828;False
broad;0.082;-5.532237563448978;1;2;1.2074730396270752;False
broad;0.223;19.17609265350309;2;4;1.1474201679229736;True
narrow;0.223;0.4850177286345392;1;4;0.7861502170562744;True
broad;0.082;13.198137870018343;2;4;0.7188489437103271;True
broad;0.135;-10.464678825716035;2;4;0.7422919273376465;True
broad;0.223;-8.604839760240228;2;4;0.6048409938812256;True
narrow;0.223;-3.7928906731772845;1;3;0.9449138641357422;True
narrow;0.05;-0.8160926903238777;1;2;1.0475049018859863;True
narrow;0.223;-3.9566250408348953;1;2;0.8820919990539551;True
broad;0.223;-13.299731384397845;2;4;0.9922270774841309;True
narrow;0.223;0.015528542946426138;1;4;0.7568919658660889;True
narrow;0.135;-1.6695674113973111;1;4;0.5866200923919678;True
broad;0.135;-3.1478156806029123;1;4;0.5275239944458008;False
broad;0.03;1.00590171424669;2;1;0.9188759326934814;True
broad;0.018;15.346726305358484;1;1;0.6139769554138184;False
narrow;0.082;1.31029246717007;1;3;1.178191900253296;True
broad;0.223;7.0891387240151715;2;3;1.0153169631958008;True
broad;0.223;-10.77281453750832;2;3;0.674872875213623;True
narrow;0.135;4.2882733358621685;2;3;1.1402239799499512;False
broad;0.082;2.082006958942341;1;3;1.0428838729858398;False
narrow;0.03;-0.9309450673250947;1;2;1.0135498046875;True
broad;0.05;6.215511084434626;2;2;2.6095590591430664;True
broad;0.082;1.8531321854082279;1;3;1.0695469379425049;False
narrow;0.223;-1.230462796218329;1;3;0.6868391036987305;True
narrow;0.05;2.338109781655355;1;3;0.6315619945526123;True
narrow;0.05;-0.7684957628621863;1;4;0.6026339530944824;True
narrow;0.018;3.8492809279293088;1;4;0.41466307640075684;True
broad;0.05;2.0195639003591577;1;4;1.4669020175933838;False
narrow;0.082;0.2982719547992815;1;3;1.2601771354675293;True
broad;0.03;13.958524610607526;2;1;1.653986930847168;True
broad;0.082;-9.741599445944372;2;3;0.960237979888916;True
broad;0.018;-12.999605653673608;2;1;0.8780190944671631;True
broad;0.082;-7.685217768299934;2;2;1.647510051727295;True
broad;0.082;-9.14377279982356;2;2;0.6822550296783447;True
broad;0.018;8.586170084051567;1;1;0.8829078674316406;False
broad;0.135;22.436106998482483;2;4;1.1075451374053955;True
broad;0.082;-0.38530573808947943;1;4;0.995513916015625;False
narrow;0.082;-1.8467430040419226;1;4;0.46421098709106445;True
broad;0.223;-9.338591252260224;2;2;1.8822340965270996;True
narrow;0.05;0.37928660509428724;1;2;1.5869429111480713;True
narrow;0.018;1.7064302886341403;1;1;0.7675988674163818;True
narrow;0.05;-5.227520487788103;1;2;1.7089018821716309;True
narrow;0.223;2.5015478496300387;1;3;1.0448088645935059;True
narrow;0.03;0.7638408404008521;2;1;0.6074600219726562;False
broad;0.223;-5.031033862390803;1;2;0.9875540733337402;False
broad;0.135;-4.024355691816915;1;2;3.864204168319702;False
narrow;0.082;-3.6367688292885614;1;3;0.7142119407653809;True
narrow;0.082;-2.855795350109693;1;3;0.6101899147033691;True
broad;0.05;-9.820105370195733;2;3;1.358262062072754;True
narrow;0.135;-3.6084484793468983;1;3;1.0682690143585205;True
broad;0.082;-1.7259546803351107;1;4;0.7096378803253174;False
narrow;0.223;-4.257879415153715;1;3;1.1175639629364014;True
broad;0.018;13.470761947381039;2;1;0.6607048511505127;True
narrow;0.135;-0.16509513732161307;1;3;0.9109368324279785;True
broad;0.018;11.113673702042313;1;1;1.158930778503418;False
broad;0.05;24.55906865943762;2;4;0.9008839130401611;True
narrow;0.082;-1.0991034231649182;1;4;0.8527300357818604;True
broad;0.223;0.2035813262275737;1;4;0.5267150402069092;False
broad;0.03;10.936354420246552;1;1;0.7182650566101074;False
broad;0.05;3.3588360180997126;1;3;0.8855650424957275;False
narrow;0.03;-0.9937764428382287;2;1;0.5582599639892578;False
narrow;0.05;2.249778017156856;1;2;0.980273962020874;True
broad;0.05;-8.022194962414021;2;2;1.505599021911621;True
broad;0.223;-17.830810675174874;2;4;1.0895130634307861;True
broad;0.082;-3.910214565080323;1;2;1.3542580604553223;False
broad;0.05;3.7464962468961853;1;1;3.736239194869995;False
broad;0.05;5.6308305779595464;2;1;1.0069429874420166;True
broad;0.03;7.931682873435989;2;1;1.314939022064209;True
broad;0.018;0.6926322996185684;1;1;0.7229559421539307;False
broad;0.135;14.275971679178866;2;3;1.3542320728302002;True
narrow;0.082;1.303512920069544;1;3;1.2161929607391357;True
broad;0.03;-3.746156050894558;1;1;0.9715681076049805;False
broad;0.03;-8.068919250490957;2;1;0.5928778648376465;True
narrow;0.135;-2.51275487030731;1;1;0.9175810813903809;True
narrow;0.018;0.11295080840840381;2;1;2.22092604637146;False
narrow;0.082;2.2479347331239863;1;1;2.3042681217193604;True
narrow;0.03;2.5862375253401875;2;1;0.7202069759368896;False
broad;0.05;7.288070846174755;2;1;1.3434500694274902;True
narrow;0.05;-3.5100929277079533;1;1;1.0461969375610352;True
narrow;0.082;-2.5126864470686243;1;3;0.7369229793548584;True
broad;0.135;4.919803754536627;2;2;1.5035839080810547;True
broad;0.018;-19.665241521427102;1;1;0.6235787868499756;False
broad;0.018;-14.333634540218364;2;1;0.3949100971221924;True
narrow;0.03;-1.333961613939198;1;1;0.5515739917755127;True
narrow;0.223;1.3516226622877452;1;4;1.213819980621338;True
narrow;0.05;-2.4664571918749973;1;3;0.7135648727416992;True
narrow;0.05;-0.6986377802128583;1;3;0.5374970436096191;True
broad;0.223;5.022223974663213;2;2;0.8882079124450684;True
narrow;0.018;2.273773964482763;2;1;0.6328859329223633;False
narrow;0.135;4.218622815087929;2;2;1.491534948348999;False
narrow;0.018;-1.8594685446334802;1;1;1.0920519828796387;True
broad;0.03;13.279775944605511;2;1;0.5168068408966064;True
broad;0.082;5.061874157134718;1;2;0.908236026763916;False
broad;0.018;8.825993301108346;1;1;0.7643039226531982;False
narrow;0.135;-2.590797712895972;1;3;1.562204122543335;True
broad;0.082;22.029577365634257;2;4;0.7602150440216064;True
broad;0.223;18.794512208983434;2;4;0.646284818649292;True
narrow;0.05;-3.0196881841575562;2;1;1.0727348327636719;False
broad;0.135;2.7073182943782608;1;1;4.370221853256226;False
narrow;0.223;-2.6653513592088425;1;3;0.8555710315704346;True
broad;0.018;11.51967910597929;1;1;0.5615670680999756;False
narrow;0.082;0.41621275444009304;1;2;0.8796160221099854;True
broad;0.082;6.120808542428994;2;2;0.7609400749206543;True
narrow;0.018;0.033622284105082105;1;1;0.6229310035705566;True
broad;0.223;-4.684386634802841;1;2;1.0182409286499023;False
narrow;0.082;5.867493244837894;2;2;0.9175879955291748;False
broad;0.223;-18.924200461039856;2;4;0.7886879444122314;True
narrow;0.135;-0.5385511412306985;1;4;0.6015589237213135;True
narrow;0.135;-0.6697238972407366;1;4;0.429581880569458;True
narrow;0.03;-1.3914133187790338;2;1;0.8729279041290283;False
broad;0.135;-9.52139194603565;2;3;1.4023158550262451;True
broad;0.05;-6.13592912154978;2;2;0.9502379894256592;True
broad;0.05;3.770112916086494;1;1;0.9962880611419678;False
broad;0.135;-1.2346721578798625;1;3;0.7849609851837158;False
broad;0.03;-3.096360455900372;2;1;1.1896450519561768;True
narrow;0.018;-1.760426730192144;1;1;0.4902961254119873;True
narrow;0.135;0.3511369117279606;1;3;0.8109431266784668;True
narrow;0.05;2.0705342355009266;1;3;0.6469519138336182;True
broad;0.05;3.919883975435793;1;3;0.7856109142303467;False
broad;0.03;7.539116566192909;2;1;0.6462829113006592;True
narrow;0.03;10.08870135610159;1;1;0.4488539695739746;True
broad;0.05;-27.12668861346618;2;4;0.8749558925628662;True
narrow;0.018;3.7821974255250193;2;2;0.7882950305938721;False
broad;0.223;-10.314234684202743;2;2;1.0649619102478027;True
narrow;0.135;-5.366885050491785;1;2;0.8909270763397217;True
narrow;0.05;-3.2931560239075504;1;2;0.851362943649292;True
narrow;0.018;-1.0841459976804466;1;1;0.6375858783721924;True
broad;0.082;-3.3156845356174567;1;2;1.2242529392242432;False
narrow;0.082;0.15947776091056035;1;4;0.8435869216918945;True
broad;0.082;1.1017589568813855;1;4;0.5580461025238037;False
narrow;0.082;-0.8293823148616517;1;4;0.5162172317504883;True
broad;0.018;19.22867443923259;2;1;0.6835930347442627;True
narrow;0.135;-2.885223518265557;1;2;0.716249942779541;True
narrow;0.05;3.542655591102824;1;2;0.6754260063171387;True
broad;0.135;-9.646263064712574;2;3;1.2769381999969482;True
broad;0.135;1.0086422076237027;1;3;2.062256097793579;False
broad;0.223;-10.265072737851623;2;3;0.9523119926452637;True
narrow;0.135;0.14372843076821115;1;3;0.6862711906433105;True
narrow;0.223;-1.1711370470890285;1;4;0.4309120178222656;True
narrow;0.082;-2.996818948017439;1;4;0.5302450656890869;True
narrow;0.018;1.6419047113425371;2;1;0.6815760135650635;False
narrow;0.223;-0.5412643327335378;1;3;0.8027200698852539;True
broad;0.018;11.810931338934537;1;1;0.558945894241333;False
narrow;0.03;0.8334862425867878;2;1;0.3729360103607178;False
narrow;0.03;-0.5464407151867808;1;1;0.3619809150695801;True
narrow;0.082;2.054141850049172;1;3;0.7522580623626709;True
broad;0.018;11.566326497172987;2;1;1.062190055847168;True
broad;0.03;-5.655495945074254;1;1;0.8962500095367432;False
narrow;0.223;3.537182864935109;1;2;0.952873945236206;True
broad;0.05;14.18166899590683;2;3;1.1189138889312744;True
broad;0.05;2.4809586754495516;1;2;1.2622721195220947;False
broad;0.03;-24.040632871458488;2;3;1.3442471027374268;True
narrow;0.223;-3.566944289405625;1;4;1.2469289302825928;True
narrow;0.03;-3.062309113719634;2;1;0.6495859622955322;False
narrow;0.05;-10.320349790354864;2;4;1.2515277862548828;False
broad;0.223;-6.658357141502833;2;2;1.069605827331543;True
broad;0.223;3.685168495324061;1;3;1.3907039165496826;False
narrow;0.03;-2.0280603596596434;1;1;0.9155409336090088;True
broad;0.082;-7.785563993801207;2;2;1.0347518920898438;True
broad;0.223;-1.9188183702344341;1;3;0.8775379657745361;False
narrow;0.082;-1.2423793846029196;1;4;0.7669320106506348;True
narrow;0.223;1.2092351808537867;1;4;0.3960409164428711;True
narrow;0.03;-2.6182753119810314;2;1;0.6649458408355713;False
narrow;0.03;4.223182965684613;1;1;0.322922945022583;True
broad;0.082;27.7547860572256;2;4;0.7542200088500977;True
narrow;0.082;-1.226977754723805;1;4;1.464223861694336;True
broad;0.135;3.4265153814933353;2;2;1.274251937866211;True
narrow;0.135;0.5074401850150075;1;4;0.6996150016784668;True
broad;0.135;6.047279684576415;2;4;0.7396049499511719;True
narrow;0.05;-3.17944254118362;1;4;1.162290096282959;True
broad;0.05;-15.028206642441742;2;4;1.1202070713043213;True
broad;0.223;8.600328294531911;2;4;1.8556239604949951;True
narrow;0.135;1.460953886085848;1;4;1.1696109771728516;True
narrow;0.018;4.7704342137312805;1;1;0.9349439144134521;True
narrow;0.018;3.3312775286901952;2;1;0.4214351177215576;False
broad;0.05;-21.631150585415295;2;4;1.0407249927520752;True
broad;0.03;-10.479681952904748;1;1;0.9156179428100586;False
broad;0.135;4.290836615794487;1;2;3.1948869228363037;False
broad;0.223;-5.970484302840463;1;2;1.247602939605713;False
broad;0.135;-8.183978858271008;2;3;0.9863071441650391;True
broad;0.082;11.43217490802663;2;4;0.7107009887695312;True
narrow;0.135;-6.198490746881873;2;4;0.5989010334014893;False
narrow;0.018;2.3431690647188574;1;1;0.9067168235778809;True
narrow;0.018;-0.7598919682758382;2;1;0.5469059944152832;False
broad;0.082;3.741004903592944;2;2;0.9376120567321777;True
narrow;0.03;1.1974894289897084;2;1;0.5922689437866211;False
broad;0.03;-27.40088493263511;2;3;1.1409399509429932;True
narrow;0.082;4.220225460840778;2;2;1.9793369770050049;False
broad;0.135;13.422398559819072;2;3;1.1288659572601318;True
narrow;0.03;-1.091277687931123;1;1;0.7922680377960205;True
narrow;0.223;1.8376170031487553;1;3;0.9649579524993896;True
broad;0.018;15.488251476693204;1;1;0.6269450187683105;False
broad;0.03;3.4613336709733638;2;1;0.39829492568969727;True
broad;0.03;10.656484246904887;2;2;0.722937822341919;True
narrow;0.018;2.7618804993942057;1;1;0.6262490749359131;True
narrow;0.05;1.7619281420326607;1;2;1.4936010837554932;True
narrow;0.03;1.1779588942269548;1;1;1.1342201232910156;True
broad;0.135;-10.417600342478778;2;2;1.5649449825286865;True
narrow;0.223;3.1770804022496435;1;1;1.274223804473877;True
broad;0.018;7.221529173029044;2;1;0.6755850315093994;True
broad;0.082;10.723361339541865;2;2;1.5567309856414795;True
narrow;0.223;-1.4711623235614775;1;3;1.0749177932739258;True
narrow;0.223;-4.308773895997193;1;3;0.756281852722168;True
broad;0.018;-16.90896828419215;1;1;0.7622160911560059;False
broad;0.018;-9.425480112669298;2;1;0.3282160758972168;True
narrow;0.018;0.41295536182220915;1;1;0.6076061725616455;True
narrow;0.05;-1.3972406075256432;1;2;0.9236271381378174;True
narrow;0.018;-4.39633323410917;2;1;1.03495192527771;False
broad;0.135;0.9827395080625045;1;1;3.861569881439209;False
broad;0.03;-17.780740830378903;2;3;1.0796518325805664;True
broad;0.135;10.203628786335573;2;3;0.7129209041595459;True
narrow;0.223;5.480458571578632;2;1;1.7288949489593506;False
narrow;0.05;-0.28082686643717386;1;2;1.2482810020446777;True
narrow;0.223;-2.1414763511280546;1;3;0.8669528961181641;True
narrow;0.135;0.19669964781965193;1;3;0.5080251693725586;True
narrow;0.018;6.014248948900144;1;1;0.652277946472168;True
narrow;0.03;-1.01715250632282;2;1;0.3262908458709717;False
narrow;0.135;-1.0889072329713778;1;2;1.0293951034545898;True
broad;0.05;-4.551244733767214;1;3;0.7528951168060303;False
broad;0.03;10.193549439548327;2;1;1.7669641971588135;True
broad;0.03;-4.789087890418756;1;1;0.9562759399414062;False
narrow;0.03;-0.9194584514382858;2;1;0.6822187900543213;False
narrow;0.05;-1.0452619268192267;1;2;1.2750179767608643;True
narrow;0.223;-1.6522487983083194;1;3;0.6282751560211182;True
broad;0.018;-0.5363208844570201;2;1;0.5996370315551758;True
